PLAYER,YRS,MATCHES,INNINGS,RUNS,AVG,SR,50s,100s,HS,WICKETS,CATCHES,NATIONAL_TEAM
Player_1,22,134,108,18524,28.57,75.35,6,5,249,558,54,0
Player_2,20,452,367,6640,27.65,115.59,0,2,110,665,289,0
Player_3,15,245,240,18731,48.33,60.71,10,5,168,348,152,1
Player_4,6,240,283,22559,23.58,101.79,22,5,214,270,32,0
Player_5,25,490,497,25307,22.76,92.25,40,5,207,196,45,0
Player_6,3,253,280,5729,49.94,155.31,6,1,176,650,196,1
Player_7,7,399,375,17996,44.56,135.19,4,4,222,175,283,1
Player_8,25,270,233,25367,29.45,161.79,44,8,116,332,38,0
Player_9,9,52,58,26790,29.37,83.21,36,5,114,671,265,0
Player_10,14,489,419,9650,28.63,121.75,8,3,209,408,195,0
Player_11,9,161,161,6457,46.45,154.72,2,2,100,696,226,1
Player_12,21,85,81,31174,38.52,166.82,55,0,234,117,284,1
Player_13,10,368,310,28992,25.54,60.36,46,4,188,182,269,0
Player_14,5,325,369,33770,41.31,76.81,20,8,259,543,10,1
Player_15,21,351,349,7831,52.52,156.66,9,0,74,246,300,1
Player_16,4,107,116,5035,54.23,118.6,2,0,228,486,291,1
Player_17,7,291,294,28230,53.75,162.18,48,3,242,319,214,1
Player_18,23,402,392,34419,35.8,87.27,8,5,65,602,293,1
Player_19,9,245,196,4358,28.01,159.6,5,0,191,243,152,0
Player_20,23,517,457,9171,45.32,157.06,18,3,122,484,218,1
Player_21,8,116,97,28749,32.4,105.22,55,0,232,669,60,0
Player_22,3,432,471,7661,28.7,80.92,14,0,168,187,152,0
Player_23,16,275,316,5440,35.51,154.75,8,0,72,667,286,1
Player_24,2,115,134,15991,25.82,113.42,13,3,75,168,204,0
Player_25,2,419,379,30319,29.98,136.63,46,8,229,498,89,0
Player_26,8,323,286,4332,40.27,119.64,5,0,72,598,254,0
Player_27,18,563,485,33781,22.8,80.44,8,10,120,413,71,0
Player_28,20,272,280,3104,41.68,106.11,4,1,126,209,170,0
Player_29,9,291,278,20160,36.0,162.19,4,0,177,636,298,1
Player_30,5,95,96,33653,29.28,162.66,8,3,154,291,90,0
Player_31,16,576,622,1012,43.38,121.01,2,0,94,270,69,0
Player_32,5,586,505,18965,41.17,138.94,13,5,222,270,268,1
Player_33,17,277,321,3829,23.23,106.59,4,0,60,341,76,0
Player_34,22,288,249,29456,39.31,107.05,0,1,79,152,289,1
Player_35,3,398,411,10205,35.04,64.6,11,0,151,215,137,1
Player_36,23,125,117,27132,54.08,142.44,15,2,264,181,221,1
Player_37,2,203,222,22270,47.38,105.29,42,3,128,163,65,1
Player_38,14,59,67,15077,26.99,161.03,11,2,270,233,124,0
Player_39,2,217,208,18758,50.25,166.36,17,2,224,521,214,1
Player_40,23,569,530,2308,24.04,166.74,1,0,69,111,232,0
Player_41,13,341,332,34016,24.05,158.95,24,4,71,446,10,0
Player_42,18,571,613,13412,32.75,67.7,21,2,219,321,73,0
Player_43,25,327,327,27264,31.42,136.69,35,2,109,430,204,0
Player_44,23,198,207,20223,34.21,151.71,19,2,113,440,174,0
Player_45,16,472,461,14505,37.89,147.31,25,1,228,86,155,1
Player_46,18,363,303,15892,43.55,84.71,12,1,66,47,135,1
Player_47,17,94,92,13242,45.14,102.24,12,1,97,671,12,1
Player_48,5,455,403,34444,36.26,121.31,15,7,94,475,281,1
Player_49,19,344,405,29504,41.44,139.12,32,6,272,561,238,1
Player_50,7,506,495,16703,49.4,90.5,33,3,220,244,150,1
Player_51,16,99,107,15867,29.51,95.17,5,1,98,236,206,0
Player_52,24,176,190,4709,34.52,96.4,7,1,75,211,225,0
Player_53,14,40,45,25428,36.69,163.7,19,6,273,429,285,1
Player_54,25,579,648,14953,37.09,90.02,15,0,159,344,217,1
Player_55,25,189,214,8864,54.33,118.75,12,2,204,678,23,1
Player_56,4,458,391,30757,26.36,88.62,20,3,176,334,182,0
Player_57,14,304,334,28127,28.83,69.01,1,8,73,358,124,0
Player_58,22,90,100,3138,46.4,164.46,1,0,219,156,132,0
Player_59,6,504,538,14784,36.28,88.19,11,1,215,621,68,1
Player_60,7,338,285,2182,52.51,123.34,3,0,243,203,48,0
Player_61,20,268,225,20264,49.76,126.05,7,6,204,42,187,1
Player_62,19,458,487,5019,37.71,97.54,6,1,87,443,195,1
Player_63,22,490,530,29040,26.16,117.39,41,4,217,551,257,0
Player_64,16,466,526,18089,31.28,87.0,5,2,175,249,247,0
Player_65,20,408,381,32894,49.78,80.0,27,5,264,264,184,1
Player_66,10,302,308,34357,53.18,69.42,52,7,202,246,253,1
Player_67,22,522,511,1630,23.26,84.38,1,0,229,595,198,0
Player_68,17,586,593,28385,54.88,120.54,22,7,129,313,138,1
Player_69,9,143,155,21179,24.18,118.95,11,3,115,495,151,0
Player_70,25,557,578,7088,49.14,92.59,5,0,137,14,283,1
Player_71,6,300,245,4073,39.37,136.72,2,1,86,12,155,0
Player_72,17,510,497,12582,53.79,87.77,15,0,270,66,215,1
Player_73,17,95,97,4013,25.31,149.23,4,0,123,121,295,0
Player_74,15,251,278,25428,35.77,108.7,37,6,138,582,40,1
Player_75,21,121,142,14117,41.89,89.11,2,1,121,177,292,1
Player_76,4,180,144,30024,44.13,111.69,2,3,133,289,242,1
Player_77,4,259,302,13464,34.88,119.9,20,1,128,145,46,0
Player_78,3,189,211,19414,35.37,111.56,19,5,163,278,266,1
Player_79,19,525,511,3112,51.13,140.8,4,1,66,93,127,0
Player_80,23,41,49,18162,40.17,143.94,11,3,192,667,236,1
Player_81,10,205,245,29066,42.22,114.09,5,7,149,418,180,1
Player_82,12,127,145,22114,34.41,114.5,42,6,268,563,28,0
Player_83,16,110,101,21686,24.06,144.98,32,0,228,555,246,0
Player_84,15,75,65,24209,41.79,114.83,28,0,112,273,291,1
Player_85,6,314,306,32266,24.25,167.05,30,2,139,564,17,0
Player_86,19,437,365,7935,36.15,72.92,4,1,243,298,270,1
Player_87,24,299,288,32121,54.31,86.81,18,6,108,613,270,1
Player_88,25,159,182,18604,47.04,153.99,21,6,189,273,11,1
Player_89,11,325,368,32589,50.28,109.12,61,5,145,565,288,1
Player_90,14,486,570,12863,54.33,86.27,12,1,258,420,32,1
Player_91,12,504,545,25484,33.51,133.01,41,2,186,37,74,0
Player_92,18,359,412,29355,23.49,160.15,0,2,164,670,89,0
Player_93,4,500,556,17868,31.85,136.2,5,2,232,546,204,0
Player_94,12,519,596,2852,41.61,85.82,5,0,118,92,232,0
Player_95,5,122,119,20125,51.62,65.06,3,2,151,383,230,1
Player_96,6,270,273,12300,25.95,68.69,12,4,234,246,264,0
Player_97,20,166,148,17144,36.08,133.35,29,2,233,559,90,1
Player_98,4,472,556,20105,42.36,106.67,16,3,137,203,206,1
Player_99,17,129,115,24024,40.12,169.2,18,0,272,674,212,1
Player_100,10,28,28,3714,51.87,141.97,4,0,215,360,122,0
Player_101,22,214,224,9463,41.99,159.37,1,2,261,451,27,1
Player_102,20,393,429,6406,51.84,95.94,6,0,111,135,286,1
Player_103,13,563,563,18360,49.07,88.27,30,6,135,346,68,1
Player_104,16,97,83,15285,50.1,139.66,12,4,153,92,212,1
Player_105,2,290,294,30304,32.9,142.39,16,9,157,653,200,0
Player_106,5,259,256,21996,52.03,84.35,4,7,239,309,219,1
Player_107,5,163,133,2938,30.65,114.19,0,0,197,138,208,0
Player_108,16,399,426,27967,40.56,139.93,26,1,273,501,218,1
Player_109,10,53,57,14738,35.52,164.56,27,2,85,376,288,1
Player_110,22,387,318,18580,26.64,73.44,29,0,229,217,20,0
Player_111,3,361,323,8752,47.54,82.57,17,0,210,221,129,1
Player_112,12,171,190,685,29.7,168.24,0,0,264,178,66,0
Player_113,23,46,39,23977,47.65,86.17,20,0,104,271,36,1
Player_114,6,451,455,4665,36.67,145.58,8,0,175,515,123,0
Player_115,21,64,69,34673,30.56,130.77,3,0,182,411,228,0
Player_116,23,130,129,29569,22.57,68.89,38,2,76,129,150,0
Player_117,21,581,630,25462,54.81,118.36,29,8,214,440,60,1
Player_118,24,137,156,14591,35.05,157.69,13,2,271,464,214,1
Player_119,15,117,108,20981,43.28,101.17,9,5,181,68,56,1
Player_120,4,115,111,24921,48.41,121.2,37,8,203,337,72,1
Player_121,15,382,439,28217,50.38,139.32,18,9,139,360,63,1
Player_122,20,539,477,32100,27.85,71.9,47,1,255,285,125,0
Player_123,15,594,706,2220,41.31,132.36,2,0,106,279,168,0
Player_124,12,379,304,9888,39.82,104.09,4,0,83,543,120,1
Player_125,14,449,440,10815,32.95,139.38,18,0,73,159,90,0
Player_126,21,70,74,18332,35.51,106.64,28,3,129,220,272,1
Player_127,5,373,362,19062,43.74,125.24,33,5,138,46,122,1
Player_128,14,76,61,20253,53.09,144.41,16,2,143,122,13,1
Player_129,17,460,400,25417,38.64,85.31,35,5,78,406,31,1
Player_130,15,39,38,5602,50.17,123.33,9,1,241,655,223,1
Player_131,11,137,131,21784,26.02,164.24,29,5,82,447,64,0
Player_132,9,466,482,34838,22.75,155.76,43,3,145,172,49,0
Player_133,18,136,137,13207,51.71,98.43,23,1,120,105,84,1
Player_134,10,222,193,10518,46.61,132.11,5,3,178,577,239,1
Player_135,23,598,632,21681,50.25,128.99,9,7,77,480,236,1
Player_136,22,330,369,4181,32.32,68.16,7,1,69,58,198,0
Player_137,11,98,103,6417,41.53,115.78,7,2,201,42,240,1
Player_138,20,212,196,31670,37.55,165.35,57,1,267,351,53,1
Player_139,18,196,159,29188,54.68,117.65,39,2,153,381,154,1
Player_140,14,438,486,3931,47.62,131.2,1,1,84,571,207,0
Player_141,11,278,302,10354,31.67,124.1,4,2,139,671,210,0
Player_142,6,106,97,25186,42.52,96.13,8,8,83,661,226,1
Player_143,18,390,314,20741,26.31,83.56,31,1,117,140,89,0
Player_144,4,322,366,7128,37.77,119.37,11,2,69,677,182,1
Player_145,21,154,159,10609,25.68,151.45,19,1,244,448,32,0
Player_146,15,393,420,16066,53.94,127.17,28,1,196,244,168,1
Player_147,17,218,206,29374,36.16,90.99,24,8,195,428,92,1
Player_148,8,161,185,3919,42.44,156.15,1,0,132,85,92,0
Player_149,10,480,557,10156,49.09,70.09,7,3,149,27,222,1
Player_150,3,425,425,15951,33.52,68.98,14,0,141,101,181,0
Player_151,6,160,130,31462,44.36,75.27,45,7,174,630,12,1
Player_152,4,39,35,10298,39.21,140.0,16,3,88,295,131,1
Player_153,11,144,117,28013,42.36,128.51,4,1,274,511,284,1
Player_154,2,547,563,9909,30.19,60.17,11,1,206,426,105,0
Player_155,23,107,108,24132,22.37,117.87,32,8,201,20,209,0
Player_156,17,64,67,24964,28.88,61.79,4,5,121,672,63,0
Player_157,20,360,307,23588,39.11,149.49,11,7,238,490,103,1
Player_158,6,84,91,30494,21.29,82.18,50,3,70,323,168,0
Player_159,18,427,510,31524,28.87,142.86,24,4,151,48,179,0
Player_160,10,147,164,29136,51.13,141.76,57,6,146,191,264,1
Player_161,24,529,500,34531,29.34,69.09,54,1,170,616,102,0
Player_162,19,320,297,5747,31.48,92.52,7,1,102,454,189,0
Player_163,16,63,68,23605,41.52,107.84,40,0,79,687,217,1
Player_164,13,545,610,10984,53.35,75.71,19,3,68,129,44,1
Player_165,9,395,373,2622,41.18,134.7,2,0,173,78,80,0
Player_166,18,395,378,18764,28.74,72.48,11,3,192,396,297,0
Player_167,5,288,319,29746,27.51,127.31,44,7,111,125,79,0
Player_168,4,482,418,29670,54.9,149.16,54,5,230,355,43,1
Player_169,19,575,526,20157,49.8,138.3,40,1,263,370,270,1
Player_170,9,144,171,9601,28.29,114.34,11,2,179,564,76,0
Player_171,21,108,89,26593,54.99,139.08,33,6,256,419,47,1
Player_172,6,344,363,29989,36.3,116.91,8,8,223,601,103,1
Player_173,6,463,463,4131,49.1,116.99,4,0,101,330,125,0
Player_174,13,551,638,5668,28.77,129.86,8,1,92,640,165,0
Player_175,21,566,473,11551,40.71,123.87,5,2,275,577,31,1
Player_176,2,103,84,17844,42.79,144.37,26,4,223,31,264,1
Player_177,22,578,529,20298,36.9,148.52,25,2,176,74,40,1
Player_178,7,470,454,30937,27.14,126.73,20,5,247,353,214,0
Player_179,6,399,401,7458,31.17,111.31,4,1,123,144,59,0
Player_180,3,317,373,27902,28.69,155.18,10,5,207,320,107,0
Player_181,7,530,635,31093,37.46,93.94,1,1,160,517,244,1
Player_182,9,240,248,3688,21.77,114.44,7,1,197,8,65,0
Player_183,15,157,181,24471,46.73,100.25,25,0,205,575,109,1
Player_184,13,586,536,25819,37.65,144.08,17,1,92,99,211,1
Player_185,13,367,375,24460,46.42,81.9,32,6,188,41,33,1
Player_186,3,160,173,31547,38.18,76.38,17,5,216,326,93,1
Player_187,14,326,338,33747,48.99,118.56,38,7,268,17,198,1
Player_188,12,132,157,20663,47.89,139.79,40,0,212,485,145,1
Player_189,22,253,275,31986,25.97,129.19,48,2,270,697,134,0
Player_190,3,132,115,29403,30.98,76.66,44,3,165,513,251,0
Player_191,25,83,89,34492,27.26,95.76,61,8,156,321,98,0
Player_192,16,565,529,23718,43.66,155.44,43,4,216,495,108,1
Player_193,9,305,312,15236,52.95,168.05,24,2,240,212,260,1
Player_194,12,511,480,18421,30.07,123.08,34,3,161,353,84,0
Player_195,11,63,57,5679,32.12,108.66,4,1,114,206,285,0
Player_196,10,595,641,9496,23.82,141.5,7,1,72,685,281,0
Player_197,9,258,211,27586,31.56,111.96,43,2,61,563,90,0
Player_198,15,507,502,13571,46.46,91.6,9,0,256,91,128,1
Player_199,19,58,67,11973,34.63,152.14,1,3,261,507,105,0
Player_200,25,316,363,1107,30.44,126.31,1,0,176,656,288,0
Player_201,18,525,606,9294,49.79,111.48,6,0,144,166,244,1
Player_202,22,283,307,1423,45.78,146.98,2,0,104,625,217,0
Player_203,15,547,509,26769,43.42,80.33,8,7,142,254,13,1
Player_204,10,412,368,17997,53.39,93.21,0,2,227,368,130,1
Player_205,3,141,139,10967,34.19,115.28,9,0,223,302,198,0
Player_206,21,246,218,9253,36.74,110.05,11,3,239,562,251,1
Player_207,19,243,268,5865,38.39,118.1,5,0,204,114,41,1
Player_208,19,537,473,10320,25.76,153.99,14,0,234,210,260,0
Player_209,4,542,530,4146,35.87,116.46,7,0,203,473,167,0
Player_210,25,42,40,697,46.1,123.61,0,0,148,65,287,0
Player_211,3,90,107,31437,21.11,104.98,49,2,256,656,225,0
Player_212,13,411,402,25239,33.15,135.1,42,8,94,669,188,0
Player_213,5,202,241,26259,38.51,140.06,14,0,253,23,162,1
Player_214,16,577,559,25356,48.82,87.23,22,2,130,193,67,1
Player_215,3,449,469,1525,28.42,67.4,0,0,213,688,34,0
Player_216,9,65,62,15857,38.89,142.98,3,1,188,296,129,1
Player_217,25,346,356,21515,28.29,156.39,42,3,165,307,150,0
Player_218,3,590,695,11977,41.91,106.99,15,0,148,658,205,1
Player_219,18,346,373,27255,25.22,101.41,48,8,181,246,125,0
Player_220,11,167,187,4276,39.68,166.46,8,0,159,248,140,0
Player_221,8,358,379,29977,49.65,70.17,46,3,73,274,203,1
Player_222,23,60,68,12831,48.16,124.63,21,4,115,490,116,1
Player_223,12,330,390,1504,27.41,80.9,0,0,122,618,114,0
Player_224,14,265,270,19050,33.32,118.7,22,2,126,368,272,0
Player_225,17,497,417,31268,46.66,95.23,13,5,140,423,33,1
Player_226,20,246,269,1562,29.13,162.82,3,0,99,200,178,0
Player_227,9,408,419,16604,37.48,132.01,21,2,255,500,261,1
Player_228,16,192,209,23580,25.92,139.23,31,2,198,657,40,0
Player_229,18,54,61,5371,53.08,133.5,0,1,95,645,128,1
Player_230,4,174,139,33643,35.96,66.65,61,10,184,16,13,1
Player_231,19,584,563,1596,38.53,90.22,2,0,188,690,230,0
Player_232,7,129,150,34866,25.21,81.11,67,4,268,362,146,0
Player_233,14,100,94,27109,36.06,86.75,44,3,136,700,51,1
Player_234,22,52,43,25355,33.2,112.36,40,0,239,175,52,0
Player_235,17,464,490,22210,39.8,154.38,6,0,118,216,300,1
Player_236,17,297,243,5372,43.96,90.84,8,0,105,322,18,1
Player_237,8,167,183,26602,52.51,92.92,36,3,205,398,286,1
Player_238,12,413,455,9671,47.67,135.82,2,2,73,100,233,1
Player_239,9,97,90,26498,53.91,95.9,40,4,260,461,261,1
Player_240,9,384,392,25103,35.11,134.77,42,6,81,633,161,1
Player_241,9,95,79,10607,33.3,146.23,4,3,141,369,64,0
Player_242,4,25,29,29646,32.6,89.67,8,1,107,441,239,0
Player_243,19,588,590,7269,20.92,98.93,1,2,213,332,207,0
Player_244,2,318,307,6050,45.37,121.55,3,2,193,173,204,1
Player_245,7,162,147,18090,37.26,66.96,27,2,167,306,257,1
Player_246,4,389,350,16660,45.23,114.54,12,3,87,138,165,1
Player_247,2,425,396,25396,48.14,96.25,21,6,268,666,79,1
Player_248,11,348,362,13663,36.77,79.54,12,2,134,648,261,1
Player_249,20,268,249,18869,48.58,103.22,7,4,111,606,289,1
Player_250,7,583,472,30752,53.0,83.06,51,4,272,70,219,1
Player_251,23,531,454,20346,28.47,132.45,27,6,156,75,239,0
Player_252,21,510,526,33701,52.32,155.66,53,8,69,368,284,1
Player_253,21,107,90,16768,43.02,99.05,2,4,225,693,214,1
Player_254,12,460,387,6962,29.06,116.17,8,2,208,589,123,0
Player_255,16,403,385,33298,25.28,169.75,61,1,135,425,53,0
Player_256,5,165,154,22983,35.94,82.76,30,5,181,99,234,1
Player_257,25,483,448,20178,21.56,138.19,1,6,147,663,65,0
Player_258,23,188,220,16485,38.06,120.71,21,4,169,473,128,1
Player_259,14,208,181,28820,33.85,141.11,56,3,175,606,229,0
Player_260,14,24,25,13986,29.74,137.41,25,0,207,104,284,0
Player_261,7,394,366,30486,23.99,133.78,31,8,223,320,208,0
Player_262,21,421,435,23301,32.32,110.36,11,4,217,604,53,0
Player_263,23,157,145,16135,30.69,80.13,9,4,159,428,80,0
Player_264,20,412,399,32394,42.24,136.28,22,8,102,501,157,1
Player_265,6,211,195,30056,41.68,155.21,60,0,184,139,109,1
Player_266,14,595,596,32938,34.32,114.09,56,7,102,84,299,0
Player_267,2,245,224,18512,27.87,91.75,29,4,250,507,291,0
Player_268,18,135,138,18056,47.13,150.56,23,4,270,42,235,1
Player_269,19,243,290,7211,45.76,131.9,3,1,68,460,144,1
Player_270,13,109,106,8193,47.15,86.06,11,2,216,647,229,1
Player_271,7,162,180,14062,48.19,122.71,17,2,212,551,96,1
Player_272,12,319,292,18020,53.33,116.59,6,1,252,421,40,1
Player_273,10,149,161,9196,28.74,138.25,7,3,185,145,147,0
Player_274,22,444,421,5449,42.18,156.81,1,1,191,284,198,1
Player_275,16,519,483,662,50.41,153.19,0,0,222,680,193,0
Player_276,4,567,543,28657,48.87,114.42,20,4,146,560,76,1
Player_277,20,516,575,3672,21.61,128.88,7,0,91,161,235,0
Player_278,16,20,23,28536,27.08,135.75,8,4,100,280,57,0
Player_279,22,389,350,24869,43.26,131.38,3,6,220,312,129,1
Player_280,15,113,122,571,27.47,68.57,0,0,62,8,185,0
Player_281,5,452,487,31806,22.48,102.14,13,1,140,376,163,0
Player_282,6,411,455,9225,42.46,134.49,2,0,216,665,94,1
Player_283,16,379,412,10420,52.2,127.77,14,1,82,102,81,1
Player_284,5,413,388,28640,31.01,75.38,17,1,123,566,155,0
Player_285,24,47,53,20268,27.19,126.76,12,5,160,302,37,0
Player_286,9,526,501,16299,37.49,125.33,0,2,141,135,208,1
Player_287,20,450,425,11822,46.7,164.99,2,0,210,69,17,1
Player_288,10,240,195,4462,53.2,103.78,4,1,168,411,52,0
Player_289,22,569,577,10506,29.71,94.09,16,1,266,159,284,0
Player_290,12,420,434,4832,30.86,108.12,3,0,122,88,232,0
Player_291,5,484,505,4106,30.83,141.59,2,0,63,140,15,0
Player_292,7,528,623,34775,38.1,150.48,33,2,155,129,147,1
Player_293,25,140,155,2423,31.73,107.23,4,0,127,590,49,0
Player_294,17,486,488,4133,37.49,122.36,5,0,125,105,69,0
Player_295,9,541,433,1305,28.56,111.89,1,0,105,36,293,0
Player_296,24,449,399,16770,34.57,139.23,17,0,206,381,71,0
Player_297,18,73,63,34301,54.35,164.95,8,7,132,318,177,1
Player_298,4,586,575,24677,27.02,122.02,19,3,178,377,262,0
Player_299,8,579,639,16564,25.27,162.56,1,1,198,354,14,0
Player_300,12,21,23,25159,49.72,139.99,6,3,195,243,224,1
Player_301,17,81,96,9830,44.91,70.23,7,3,239,381,244,1
Player_302,25,106,109,33623,24.67,150.2,9,9,205,63,232,0
Player_303,23,153,136,17604,49.78,161.86,25,5,272,334,172,1
Player_304,16,298,266,13784,24.76,144.72,3,1,87,168,240,0
Player_305,16,341,328,23980,53.76,82.84,19,7,127,122,56,1
Player_306,7,331,374,3143,27.53,154.22,1,0,242,254,192,0
Player_307,14,545,446,20084,29.11,168.97,1,3,175,569,291,0
Player_308,9,116,114,9661,24.25,66.78,7,1,110,410,200,0
Player_309,23,106,109,17462,52.11,68.25,4,1,225,454,75,1
Player_310,4,359,304,30711,21.77,161.65,27,6,187,30,205,0
Player_311,23,456,396,14571,51.79,90.25,14,1,68,628,135,1
Player_312,22,322,321,31893,22.13,90.78,17,6,111,658,279,0
Player_313,9,576,643,25567,47.37,99.5,34,7,148,579,267,1
Player_314,12,417,378,2208,31.16,84.09,2,0,267,483,281,0
Player_315,13,258,306,7062,28.67,86.53,8,2,74,224,208,0
Player_316,13,197,171,21340,48.22,136.74,37,0,240,360,300,1
Player_317,20,165,169,12836,49.28,149.14,15,4,139,179,261,1
Player_318,3,112,92,14839,20.7,112.58,10,4,111,133,184,0
Player_319,24,201,234,21706,22.08,76.25,9,1,194,373,47,0
Player_320,13,425,439,22556,30.56,75.01,10,6,262,654,259,0
Player_321,22,344,299,23884,27.81,124.78,11,6,138,301,75,0
Player_322,7,21,24,26163,49.78,144.79,36,0,106,616,172,1
Player_323,21,246,259,7322,52.78,75.47,11,0,120,355,173,1
Player_324,7,110,124,22503,35.63,89.17,15,1,149,262,65,1
Player_325,25,21,17,29219,45.64,166.6,56,6,186,387,189,1
Player_326,19,404,339,31923,47.61,123.59,28,2,175,75,27,1
Player_327,11,40,37,7363,22.6,78.71,6,0,247,76,290,0
Player_328,4,366,379,32136,44.66,107.45,21,9,171,160,37,1
Player_329,5,359,316,12950,34.32,120.95,23,4,127,676,154,0
Player_330,11,263,220,26249,40.01,152.38,9,0,152,3,228,1
Player_331,4,321,362,31978,26.99,62.83,21,10,134,83,252,0
Player_332,5,335,373,31363,37.12,132.71,5,10,199,396,104,1
Player_333,13,410,388,29714,21.56,108.37,16,3,274,275,298,0
Player_334,3,174,191,6837,23.0,97.82,8,1,253,603,126,0
Player_335,19,82,93,34747,34.65,118.91,60,9,120,487,163,0
Player_336,4,424,492,2775,37.57,159.05,4,0,90,459,98,0
Player_337,7,236,265,8769,21.49,68.62,13,0,270,642,85,0
Player_338,21,284,263,4891,23.05,121.2,8,1,130,532,244,0
Player_339,2,555,617,7874,34.51,76.3,3,0,204,103,156,0
Player_340,19,372,428,17810,33.41,113.41,30,0,104,282,216,0
Player_341,6,431,351,22224,44.17,65.42,30,4,155,20,182,1
Player_342,11,338,308,32718,50.04,135.33,29,2,136,453,174,1
Player_343,10,446,464,6351,26.58,83.25,6,2,184,528,201,0
Player_344,3,547,610,4800,30.89,115.75,2,0,104,197,112,0
Player_345,3,275,223,3813,52.13,137.51,4,1,270,475,268,0
Player_346,14,146,156,16355,33.04,125.34,11,3,210,564,189,0
Player_347,13,187,212,17451,46.21,135.77,18,0,158,50,93,1
Player_348,20,239,273,15252,43.72,89.6,13,4,65,698,14,1
Player_349,17,155,164,1054,27.83,126.92,1,0,168,385,188,0
Player_350,16,278,246,20301,43.7,150.67,25,4,86,7,271,1
Player_351,23,403,412,19025,30.45,71.89,4,2,130,655,176,0
Player_352,10,287,304,20081,26.59,116.9,15,0,266,614,216,0
Player_353,23,347,372,2168,42.94,169.72,2,0,163,397,28,0
Player_354,20,214,200,15072,44.02,130.21,15,5,151,519,163,1
Player_355,7,591,515,6896,36.48,141.5,11,2,255,187,181,1
Player_356,22,111,98,15136,46.05,93.78,25,2,155,266,160,1
Player_357,16,140,138,5167,36.53,81.4,1,1,195,305,221,1
Player_358,3,174,148,13626,31.99,168.59,14,1,140,184,51,0
Player_359,17,360,378,12088,30.97,66.38,14,2,113,172,91,0
Player_360,17,110,93,28923,42.17,104.37,30,6,61,38,283,1
Player_361,8,402,474,21616,46.49,118.41,1,0,220,254,125,1
Player_362,24,372,344,7231,33.42,124.75,2,0,270,46,162,0
Player_363,11,486,530,34848,31.82,157.68,17,5,185,367,106,0
Player_364,7,433,349,15201,45.45,74.43,23,0,210,516,96,1
Player_365,5,395,428,2948,33.13,130.44,4,0,212,49,65,0
Player_366,22,40,32,8088,34.59,101.83,8,1,239,156,115,0
Player_367,24,29,26,7117,43.19,89.7,9,2,95,428,63,1
Player_368,18,140,127,7464,37.42,126.99,12,1,272,535,113,1
Player_369,13,439,403,3082,39.18,160.14,5,1,144,240,11,0
Player_370,2,111,129,32881,25.22,69.91,65,1,245,103,141,0
Player_371,22,256,251,19900,29.24,65.51,11,6,70,297,194,0
Player_372,23,340,329,8095,23.32,143.4,1,0,95,679,97,0
Player_373,12,386,446,18083,50.75,70.22,21,1,89,410,214,1
Player_374,16,298,338,31842,48.0,131.37,21,1,93,60,91,1
Player_375,5,446,519,32132,48.08,134.62,23,9,157,367,24,1
Player_376,23,153,151,32489,23.95,105.24,5,1,126,670,170,0
Player_377,2,557,616,15179,54.23,133.68,10,4,193,633,58,1
Player_378,15,274,272,25723,25.2,150.91,39,0,62,658,90,0
Player_379,18,500,570,11339,22.62,114.08,7,2,131,51,269,0
Player_380,9,583,616,26929,48.6,68.67,28,7,82,510,238,1
Player_381,12,141,168,1664,23.59,105.36,0,0,262,618,165,0
Player_382,18,595,525,30398,53.26,99.97,3,3,176,339,296,1
Player_383,21,504,547,24308,45.06,72.54,48,3,60,349,191,1
Player_384,22,318,324,25003,44.57,65.04,10,7,95,419,64,1
Player_385,10,220,192,26248,27.55,150.7,12,5,87,424,33,0
Player_386,22,146,161,30024,36.01,124.82,32,2,187,4,281,1
Player_387,25,69,70,28864,49.36,113.12,32,2,237,592,98,1
Player_388,25,151,127,21592,37.64,102.31,38,3,130,407,185,1
Player_389,11,483,541,9555,34.45,137.0,16,2,275,560,170,0
Player_390,24,586,617,13665,27.34,138.58,21,2,232,135,101,0
Player_391,18,575,619,21627,44.86,143.69,35,7,209,584,223,1
Player_392,23,566,517,28181,48.29,117.5,1,6,97,54,38,1
Player_393,8,293,322,11047,54.42,135.17,4,0,236,302,114,1
Player_394,19,53,50,30161,23.59,155.48,47,8,117,662,297,0
Player_395,14,263,264,19350,44.25,65.17,24,3,166,320,292,1
Player_396,3,33,36,13809,41.72,145.9,27,3,272,230,198,1
Player_397,20,579,634,13375,47.17,166.07,9,3,105,699,48,1
Player_398,7,197,215,8321,33.2,107.14,8,0,101,598,140,0
Player_399,2,358,353,10645,21.4,162.15,19,0,258,640,164,0
Player_400,17,583,549,21331,38.39,165.27,33,1,261,517,91,1
Player_401,15,576,584,6525,32.23,157.17,10,1,144,369,160,0
Player_402,8,563,557,1076,24.02,98.06,0,0,70,698,174,0
Player_403,14,136,129,19035,20.86,116.86,23,4,265,520,238,0
Player_404,17,64,58,13116,31.21,69.06,3,1,257,550,283,0
Player_405,2,87,76,14470,50.27,106.66,3,1,197,445,46,1
Player_406,25,177,143,22239,21.33,68.06,11,4,202,72,126,0
Player_407,10,437,417,27005,35.16,61.86,43,1,196,6,42,1
Player_408,25,66,71,5257,32.52,115.31,4,1,215,88,154,0
Player_409,16,410,392,2519,36.59,118.68,1,0,263,558,161,0
Player_410,22,167,153,24953,53.51,61.23,35,2,91,42,12,1
Player_411,20,423,429,6078,30.66,142.31,11,1,114,422,272,0
Player_412,6,184,160,17063,26.8,79.95,3,4,178,660,291,0
Player_413,4,317,338,16929,23.44,139.81,31,2,151,131,130,0
Player_414,5,311,325,13181,31.12,109.57,19,2,237,598,88,0
Player_415,20,600,567,21231,53.55,78.55,20,3,261,226,233,1
Player_416,10,388,331,22229,50.73,110.91,22,4,184,564,65,1
Player_417,7,103,117,9675,51.2,81.61,2,0,64,519,25,1
Player_418,20,434,480,14443,51.72,120.68,17,4,180,669,86,1
Player_419,13,421,374,19570,24.69,115.12,5,3,153,514,15,0
Player_420,23,264,300,11368,46.5,75.44,5,1,204,579,84,1
Player_421,25,515,605,3148,27.66,113.64,0,1,154,239,31,0
Player_422,23,231,232,24174,33.58,160.97,2,0,226,331,62,0
Player_423,24,553,582,18423,49.22,88.96,34,4,104,385,203,1
Player_424,13,99,99,25163,54.04,84.52,25,5,269,353,259,1
Player_425,17,26,26,9607,35.4,85.3,16,2,114,153,105,1
Player_426,7,390,405,8254,43.14,105.61,10,2,89,493,255,1
Player_427,17,235,243,27428,20.79,64.75,36,9,101,137,272,0
Player_428,3,170,139,17425,52.29,116.83,25,4,204,652,19,1
Player_429,25,310,365,14694,35.72,169.21,27,3,103,224,220,1
Player_430,21,166,185,12419,41.81,116.19,5,2,176,610,45,1
Player_431,9,407,388,7615,20.58,117.5,13,0,215,98,100,0
Player_432,17,59,67,33486,46.33,70.25,16,9,198,1,230,1
Player_433,18,450,426,3346,44.42,107.19,6,1,262,390,189,0
Player_434,20,120,116,17180,36.7,85.58,5,2,213,556,219,1
Player_435,10,213,170,966,40.23,72.96,0,0,227,210,171,0
Player_436,15,390,328,28423,42.81,87.9,54,8,168,578,197,1
Player_437,21,302,361,26547,46.42,105.46,50,8,183,183,199,1
Player_438,19,588,584,20596,40.22,145.16,25,5,95,675,70,1
Player_439,25,255,249,11103,23.51,115.92,10,0,101,398,12,0
Player_440,4,168,166,29032,23.08,88.94,23,1,215,38,206,0
Player_441,14,553,505,4265,53.1,150.23,7,1,62,206,275,0
Player_442,11,219,178,33959,38.05,85.48,21,10,69,368,132,1
Player_443,22,20,23,6191,54.89,145.76,5,2,161,415,112,1
Player_444,18,35,38,4996,52.17,120.46,8,1,148,283,125,0
Player_445,21,219,215,26973,40.12,88.72,26,8,87,572,47,1
Player_446,18,321,300,8168,48.1,165.24,8,2,173,386,298,1
Player_447,17,269,296,30571,43.86,158.62,55,0,183,119,142,1
Player_448,4,411,432,14942,43.69,85.29,10,3,150,528,284,1
Player_449,2,289,259,6595,33.96,142.37,5,0,201,182,253,0
Player_450,12,382,338,18134,26.4,142.08,12,3,248,204,130,0
Player_451,25,267,306,14051,28.02,151.84,26,4,151,159,64,0
Player_452,5,100,107,32787,41.48,144.07,5,7,155,635,171,1
Player_453,17,301,299,33997,29.81,84.43,16,0,194,433,254,0
Player_454,19,53,53,26302,50.11,145.35,29,1,238,530,245,1
Player_455,12,28,22,14311,33.28,71.08,11,4,126,191,290,0
Player_456,10,262,237,22985,32.81,114.86,13,6,239,381,196,0
Player_457,14,306,299,9094,54.27,135.46,3,2,265,241,294,1
Player_458,15,410,360,10300,36.55,61.07,13,3,94,645,274,1
Player_459,19,343,382,20163,28.78,154.44,3,3,85,167,40,0
Player_460,8,280,277,6811,35.74,96.81,5,1,203,570,141,1
Player_461,13,40,38,23509,50.36,165.94,12,2,259,291,191,1
Player_462,12,542,539,29790,51.14,101.92,18,7,221,148,95,1
Player_463,22,365,353,27027,49.71,67.85,10,5,118,321,172,1
Player_464,22,318,344,26416,29.49,108.94,23,8,175,423,95,0
Player_465,7,43,36,15876,43.17,163.45,5,1,102,406,62,1
Player_466,5,85,99,31510,39.2,62.9,50,8,255,85,63,1
Player_467,10,179,149,26048,30.83,87.21,18,7,220,129,77,0
Player_468,18,194,157,23885,50.11,95.77,30,7,198,278,290,1
Player_469,16,158,187,12102,40.68,110.22,23,4,171,536,283,1
Player_470,11,375,372,15385,48.16,108.6,11,3,126,159,165,1
Player_471,2,20,20,9432,32.04,111.61,0,3,253,488,163,0
Player_472,2,460,514,15652,47.89,120.3,12,3,203,447,212,1
Player_473,9,187,203,26040,48.99,84.27,5,6,220,245,274,1
Player_474,21,298,272,18117,34.45,153.88,11,1,134,113,243,0
Player_475,21,483,438,32743,26.57,62.13,6,8,65,190,62,0
Player_476,11,295,250,29232,45.45,85.61,9,0,186,222,185,1
Player_477,15,339,377,33162,54.93,111.01,4,5,80,149,38,1
Player_478,10,421,348,31311,26.36,158.53,16,6,272,12,72,0
Player_479,24,274,261,29529,28.65,169.4,12,7,248,96,276,0
Player_480,23,233,230,20954,52.77,77.45,2,5,200,533,72,1
Player_481,10,512,540,13523,32.61,65.73,21,1,88,241,232,0
Player_482,12,35,30,18594,40.46,103.54,15,0,70,595,253,1
Player_483,24,178,168,6364,28.71,114.99,10,2,146,640,40,0
Player_484,3,384,406,7538,24.4,85.59,11,1,247,197,20,0
Player_485,24,406,382,9329,28.77,64.34,14,2,198,501,107,0
Player_486,20,211,214,21712,45.63,90.29,38,2,77,543,89,1
Player_487,16,322,363,24559,35.89,145.35,32,6,247,189,19,1
Player_488,21,392,435,16149,31.22,66.97,24,1,194,699,264,0
Player_489,19,177,185,21641,34.34,95.42,6,1,71,132,101,0
Player_490,3,226,190,13057,23.46,122.81,26,3,228,501,279,0
Player_491,21,282,231,14965,41.21,67.8,29,1,227,503,50,1
Player_492,16,82,77,27759,48.77,147.37,3,9,128,541,30,1
Player_493,25,92,104,5607,53.06,165.66,1,0,245,236,282,1
Player_494,14,214,187,16802,39.95,164.23,26,5,87,653,193,1
Player_495,23,489,528,28488,50.9,78.35,11,8,162,516,182,1
Player_496,23,181,183,29533,52.67,159.27,35,5,155,422,230,1
Player_497,25,351,366,14519,33.13,120.53,23,2,152,463,239,0
Player_498,14,20,21,19143,40.85,116.94,19,0,136,227,119,1
Player_499,12,42,46,18585,52.17,116.24,36,4,99,96,29,1
Player_500,16,384,331,17866,32.85,124.04,14,2,267,307,57,0
